"id","ean"
0,6420256014004
1,6410405111340
2,2000818700008
3,6411200103295
4,6411402105806
5,6416211000359
6,6408430000104
7,2000604700007
8,6415600000352
9,2000973900008
10,6410405070654
11,6410400046227
12,6410405060457
13,6410405144249
14,6410405150059
15,6413467282904
16,3607344535044
17,4005808669905
18,2000563000002
19,6408641827200
20,8711600786226
21,5690527983006
22,4005808669806
23,6413600000952
24,8717163994252
25,6418940017486
26,2000219300005
27,6430041690382
28,5690527991001
29,3614220070582
30,6410405089724
31,5690527975001
32,6410405044884
33,3600530714315
34,6410405139412
35,4005808686360
36,2000511700008
37,6410405145567
38,6407850056654
39,7310300002844
40,7330606009811
41,6408641084702
42,6410405039828
43,686423616143
44,2000608000004
45,6430104924010
46,6410405106445
47,6410405103543
48,6410405086686
49,2000613700005
50,6415131413867
51,2000467300000
52,2000198400000
53,6410405181374
54,6410405062604
55,2000592600006
56,6413466041205
57,6420613630250
58,7312787710144
59,6410405104120
60,2000797000007
61,6416021003069
62,6420610670389
63,7622100936107
64,6410405082725
65,6409100025465
66,6408430030316
67,6408430000258
68,6411402105103
69,6413605054837
70,6410405046420
71,6412000030521
72,6409100050993
73,8000920502204
74,2000524800009
75,6410405181411
76,6408430046669
77,6409290001737
78,6407840042544
79,6430055270105
80,6410405040817
81,2000611700007
82,2000753600005
83,6412000031986
84,6412000036127
85,6411402232304
86,6408430001705
87,6417805941645
88,6407810014595
89,6410405058195
90,5900643035009
91,6410405178046
92,6437002001454
93,7622100935148
94,6410405176035
95,6410405167736
96,6414880021217
97,2000266700001
98,7622100936558
99,6410405148094
100,73153801
101,64025551
102,6407870078421
103,6419800051275
104,6437005059230
105,6411402534101
106,6408641799569
107,2000555900006
108,2000687400009
109,5425002401955
110,6411200106050
111,7622210447579
112,6410405108371
113,6405366001984
114,6419800052708
115,6410405046109
116,6410405184610
117,8716100351349
118,46065780
119,84196859
120,2000887900002
121,7322550097600
122,57402772
123,6407800006845
124,7039010072052
125,6413466101503
126,7622100936343
127,8711100202769
128,6410402010318
129,2000198100009
130,6430041690573
131,6430104920302
132,6430011811106
133,2000504500004
134,6420256013021
135,4015400699910
136,4015400088172
137,6410405141415
138,2000686300003
139,6410405113153
140,6413467278402
141,6413300018820
142,6437005058660
143,2000510800006
144,6410405141439
145,6400651091626
146,6410405172204
147,6408430002283
148,8001090255051
149,6410405115874
150,6408430000111
151,2358668900001
152,8712561951128
153,6410405174567
154,2000600100009
155,6430030783903
156,6410405091857
157,2000940900000
158,6410405184290
159,6413600133919
160,6430047630351
161,6410405178145
162,6433500021772
163,6413466124007
164,2000614400003
165,6410405132826
166,2000619500005
167,6413600018308
168,6430104920104
169,6408430004386
170,6408430036875
171,6409100050306
172,6411300000852
173,2000585400002
174,6430047632010
175,2000531200007
176,2000318000004
177,2000610900002
178,6410405178916
179,2000798000006
180,6410402010370
181,6410405127389
182,2000893500005
183,6408430044290
184,6430047632027
185,2000503600002
186,2000514800002
187,7310865094780
188,6410405138507
189,6410405118592
190,6410405132376
191,6410405136596
192,6408430001422
193,6410402024018
194,4002671124425
195,6410405121127
196,5016599008544
197,6412000071029
198,6410405046802
199,7310523900514
200,6414880251225
201,7310090771623
202,7310090772620
203,6414882070015
204,6419800043232
205,2000570700001
206,6410405069450
207,6433300300237
208,2000984200005
209,6414201002307
210,6410405184559
211,6408430015481
212,2000345100005
213,2000512100005
214,6410405094247
215,6408180733260
216,6413467328404
217,6433500020737
218,6410405122506
219,57402048
220,6410402024285
221,6410402024957
222,6410405148124
223,6410402015054
224,6410405106230
225,2000608100001
226,5760466642019
227,6411401017629
228,7310390030093
229,6420615460992
230,6416054154004
231,2000785200006
232,5711953035616
233,6405304002028
234,6410405048561
235,5719642208044
236,6413600015147
237,4005808890576
238,6408430000272
239,6416021000389
240,6414888158601
241,6408430062249
242,6419800020233
243,6416453014985
244,64027975
245,3600522490531
246,2000611600000
247,2000511100006
248,6437005031298
249,7754171000026
250,6410405105974
251,6415409200717
252,6430104920203
253,6410405049605
254,6420256014110
255,6413218179262
256,5051162365013
257,6410405109446
258,2000611500003
259,6410405164063
260,7340112730369
261,6410405141354
262,6430104923853
263,6410405111562
264,6415600025300
265,6408641205732
266,6416777222554
267,7622100936466
268,7310532151419
269,6410405072863
270,6410405076267
271,7622100936169
272,6410405145895
273,6410405067555
274,6419287817159
275,6408430690183
276,6405506133476
277,6410405145918
278,6411300000494
279,6410405144515
280,6408430000456
281,6410405138187
282,6410381095375
283,6410405093448
284,6409100022051
285,6409620007569
286,6410405089366
287,6410405107077
288,6410405045713
289,6410402011742
290,6410405095893
291,6408430043200
292,6408430000128
293,6410405176059
294,8850987128561
295,6410405155825
296,6410405145598
297,2000287200009
298,6408430023820
299,6412000032402
300,2000196800000
301,6410405149473
302,6408430040025
303,6412000074341
304,6410405174734
305,6408641155914
306,6414888142280
307,6410405167569
308,6410402008896
309,6410405044860
310,6410405092632
311,6410405048622
312,2000185000008
313,6410405142306
314,2000190000000
315,6413600017240
316,6411734000299
317,6410405076618
318,2000183500005
319,7310470346250
320,2000190700009
321,6414630022013
322,6430104960889
323,4002971103007
324,7394376614798
325,6420256012840
326,6416961002894
327,6431008106809
328,6414300059882
329,6410405048929
330,6410402000944
331,7310865058348
332,7331217011286
333,6415350002118
334,6415350000022
335,6430104960377
336,6420256012673
337,5411188119098
338,6430104921583
339,6414305152465
340,6414882080250
341,3661273049416
342,2000233000004
343,6411810000991
344,8410435841024
345,2000635300009
346,6405506106111
347,6416453061378
348,6416453061392
349,6416453061033
350,6407870070333
351,6408430001934
352,6408430006007
353,6410405148704
354,6407870071224
355,6410405091260
356,2000103700003
357,6408642204758
358,6412000016488
359,6419800043355
360,6408430044047
361,6410405174161
362,6408430025312
363,6407850056920
364,2000578900007
365,6409100072537
366,6411401092282
367,6408430025305
368,6410600003488
369,6416046151004
370,6409100051778
371,7622100936435
372,6411401014826
373,6413467282508
374,6413466098209
375,6409100043230
376,6408430023967
377,6408430023592
378,6413466101602
379,6408430023608
380,6411760121104
381,6420256012710
382,7332696599272
383,6410400029336
384,6420256012543
385,6413910367868
386,6410405067418
387,6408430336500
388,8712561195645
389,6437005023583
390,6410402016365
391,3045206393003
392,8712561951159
393,2000219600006
394,6407810017879
395,7312170056200
396,3011610029807
397,6410405169693
398,6410405086150
399,2000405900002
400,2386461800006
401,7330606009958
402,6410405085627
403,64016641
404,8712561609364
405,6415600517515
406,5711953002311
407,6410105901562
408,8717399890458
409,6410405114471
410,7622300223120
411,2000403400009
412,6415600513579
413,5411188110835
414,6408430042869
415,6410405082657
416,7310240071412
417,6413600133179
418,6411401015182
419,6412000030668
420,6412600573459
421,6415600026628
422,6410405093677
423,6409620361203
424,6430061110006
425,6410405172334
426,6410405153623
427,2358850100004
428,5000159459228
429,6410400047224
430,6408430000142
431,6409100025335
432,6408430026333
433,6415350000381
434,5706773198207
435,6410405142672
436,6415600026208
437,5016786000009
438,6410405115393
439,5900951134982
440,6416211000045
441,7613032753849
442,6409620003400
443,2000516200008
444,6414883950125
445,6410405178763
446,8717775818090
447,6410405054623
448,6410405155610
449,6411402202406
450,6410405110947
451,6410405090959
452,6424200013815
453,6410580007292
454,6412000033270
455,6410270059990
456,6410402003488
457,6409100051907
458,2000569700005
459,5449000131812
460,6410405045010
461,6417700050725
462,2000873000006
463,5050083279805
464,6438200590092
465,6410402024148
466,5701073062302
467,8712100622304
468,59063582
469,6410405116888
470,6408430030347
471,6408430340514
472,6415600507790
473,7622100936190
474,6407850059136
475,6410405069566
476,6415600502078
477,7613033135842
478,6410405038555
479,2000198000002
480,6410405051844
481,6410405171832
482,6410405123015
483,6437005063862
484,8718114850771
485,6410405083197
486,6410405156174
487,6407800009938
488,6408080001766
489,6410405064936
490,6408430004324
491,6111255910144
492,2000578400002
493,8585002411877
494,7310860561201
495,6408640969185
496,6410405132031
497,7310394005912
498,6405855000504
499,5000161029853
500,7311870027039
501,6414100896052
502,6424200011811
503,7310520002464
504,7310360145048
505,6413600016250
506,4001686580684
507,6413300022995
508,6437005040986
509,6410405135445
510,6410405154507
511,6431903313203
512,6415600522755
513,6413466080204
514,6408430004539
515,6408430000289
516,6412000081073
517,2000809600003
518,2000939700000
519,6410405142283
520,6413620150507
521,2000265000003
522,2000247500002
523,6433500078127
524,6412610848530
525,6412000030460
526,6411402156006
527,6407880082357
528,6412000030026
529,2000386000005
530,6416211005774
531,6433500060160
532,6419800003946
533,6409490000165
534,6411402125101
535,5410146414497
536,6419800051183
537,6408430339426
538,6410381090561
539,64008899
540,6415000179023
541,6405834004899
542,2000598400006
543,2000507000006
544,2000624800008
545,6413300230413
546,6408641084436
547,6408430064656
548,6408430030309
549,6410402024759
550,6409100051730
551,6408430040049
552,6408430040032
553,6408430064892
554,6410405118639
555,6410405149237
556,6420256012932
557,5702070005187
558,6408430040254
559,6410405126603
560,6413600017394
561,7312170032075
562,6410405119056
563,6416274383840
564,6412000016327
565,2000797100004
566,6416453117433
567,6408430043019
568,6410405045874
569,17
570,5690527940207
571,6410405132789
572,6437005003752
573,6420256010655
574,8594404001968
575,5000171033635
576,6408430001415
577,6415131403905
578,7312930000382
579,2000608300005
580,6405346003045
581,2000290500004
582,7044610870984
583,6415600501781
584,8712000029456
585,5411188121305
586,6408640995924
587,6408430000579
588,2000848800006
589,6410405112088
590,80177173
591,6410405125378
592,6410405137999
593,6410405112064
594,6408430037711
595,6409620010347
596,6411402159908
597,2000123100005
598,6410405104229
599,6430043242046
600,6430028234462
601,6417700050855
602,6408430010998
603,6420256013649
604,6430104921804
605,6413600017363
606,6420256010709
607,6410405067432
608,6408430000173
609,6416453014954
610,6413600017509
611,6405691550409
612,6408430062669
613,6416147003028
614,6409620000072
615,7322540360561
616,6409620000324
617,59051084
618,5053990101832
619,7310676446006
620,6416036100869
621,5900164076017
622,5000159461122
623,5053990101795
624,57028835
625,6410600003464
626,6408430000548
627,5701259100781
628,7310680004728
629,6410402008797
630,6407870075857
631,6413300001457
632,6410405079626
633,8710908352188
634,6408430310678
635,6410402008919
636,8712100628504
637,6410405097804
638,6408430023806
639,6410405045690
640,6410405082626
641,6410402004362
642,8718951067899
643,6408641832990
644,6410402020171
645,6412000036134
646,6410405155580
647,6410405169129
648,6411402578525
649,6411200107286
650,6419806052726
651,6410381092527
652,6408430340538
653,50819058
654,6407810015431
655,6410402015634
656,6408430062157
657,6408430062119
658,6408430000494
659,6408430042081
660,6430104967055
661,6410405168047
662,6416211005101
663,74299057854
664,6412600800821
665,6412600812909
666,6410405115102
667,64014456
668,6413300006018
669,6410400033104
670,6408430001811
671,59063612
672,6419800021261
673,7340138800183
674,6413300018592
675,9065
676,6408430011605
677,6408430044429
678,6408430024278
679,2000184900002
680,6411200109839
681,7316641915027
682,7331217011903
683,7310130002762
684,7622100936619
685,6409460002724
686,6416211000304
687,6407870070456
688,6408430000241
689,6405304002103
690,6420612183368
691,5012254061183
692,5012254061176
693,8714789733111
694,3574661265223
695,6413890011126
696,6414504259606
697,6433500013739
698,6410405062819
699,6410405146939
700,6408430000531
701,6408641033014
702,7311070347289
703,6410405069559
704,6420256014134
705,6411401019043
706,4008400935225
707,6410405086716
708,6410405140586
709,6410405069054
710,6410402023073
711,6410405143822
712,6417700067754
713,7311070373127
714,6410402026630
715,8411514801939
716,6408430043309
717,6410405095916
718,6414300008149
719,4015600400279
720,4008429064173
721,2000575300008
722,6408430043330
723,7613031617982
724,6420618560057
725,6409630001168
726,2000960300002
727,6410405153685
728,6410400033722
729,6430064550007
730,6410405169655
731,6408641078664
732,6408430023813
733,6408430002085
734,6415600026604
735,5053990101818
736,5053990106998
737,6415600502177
738,6411401015151
739,2000607600007
740,2391162500001
741,6414504174527
742,2000607100002
743,6408430001668
744,6420101441542
745,6416453061354
746,6408430024957
747,6409020011821
748,6405053007626
749,6408430336586
750,6408430024858
751,8712561977494
752,5000168001098
753,6405506062158
754,6409620362200
755,4002359001260
756,6412500037303
757,6411401036231
758,6417700050602
759,6408430040360
760,8714789732879
761,7311570121396
762,70177077563
763,6413600016335
764,7613032625474
765,6412000082179
766,6411401015090
767,7332458908465
768,6413600015161
769,6410405147899
770,9789150907759
771,6438242813319
772,5000239056743
773,6410405069115
774,6410105902781
775,59063605
776,6416453019485
777,6410405139566
778,6407870079817
779,2000485300006
780,6411402132604
781,7311570641849
782,2000511600001
783,9027
784,6425539100900
785,6410405090294
786,6410405074348
787,6410400036365
788,6410402024247
789,7310090375180
790,6410402024223
791,2000796900001
792,6410405144768
793,6410402024261
794,6430022864016
795,6408430021376
796,2000642700007
797,6410400034989
798,6411402131409
799,6407720025063
800,5700551124303
801,5690527965002
802,5900951134876
803,2000518900005
804,6410402008773
805,5010029211030
806,5690527976008
807,6411402164902
808,6415600520614
809,6410405157072
810,6408430000340
811,6430010173045
812,6409620007972
813,6408430006137
814,6408430310869
815,7610313417223
816,8712566319206
817,6405691450006
818,5410673728968
819,6412600843989
820,2000505600000
821,5760466961110
822,2000797300008
823,5706779052572
824,8718309865528
825,6410405109750
826,6430025258546
827,7310500094465
828,7310500038773
829,6415600522106
830,2000352200002
831,6410405129727
832,6410405038043
833,6411401019081
834,6410405137586
835,7394376614897
836,6412000031870
837,6412000031849
838,6410402016242
839,6412000031740
840,5410103922362
841,6409100060749
842,6408430000432
843,6408430014903
844,2000404000000
845,8722700234562
846,6415130041498
847,2000575800003
848,7310090792628
849,2000481900002
850,6415130041740
851,6408641021813
852,6412000071135
853,7862100330370
854,7310532131695
855,6408430031245
856,7862100330387
857,6411402756800
858,6408430004010
859,2000528900002
860,6410405086778
861,6437005075339
862,6407970008755
863,6407970008748
864,6412000031832
865,6414201000921
866,6410405093820
867,6410405146168
868,6410405102706
869,6410405143648
870,6438200400032
871,6430104921866
872,2000189700003
873,6410402025749
874,6410405055521
875,2000652800001
876,4008429046322
877,2000624700001
878,2000100600009
879,6417348173152
880,6419744006140
881,6408641199345
882,2000832400007
883,2000842700005
884,6416274387701
885,6410405057433
886,2000797200001
887,6410405133205
888,6410405044532
889,8412187000025
890,6415350002804
891,6409620004520
892,6410405103130
893,8712100695568
894,2000425400001
895,6405304003537
896,6410405133007
897,6409100071370
898,6410405070463
899,6410105902026
900,6410405132987
901,6410405133045
902,6410405147806
903,6412000034550
904,7622100936077
905,6419800140085
906,6408430000418
907,6410402027521
908,8002710412007
909,2000500000003
910,6413467278501
911,6419800020844
912,6416453034112
913,6410405148025
914,6415350000657
915,2000807800009
916,6409100050627
917,6410402026258
918,6407860063178
919,7311310035891
920,6410405155979
921,8712100628290
922,2000602400008
923,6409100020125
924,6410405133441
925,6415130027966
926,5000159460866
927,6405244588019
928,8718951114166
929,7613035709317
930,8714789939827
931,6415130036913
932,6415130038801
933,6415130043416
934,6410405149114
935,6407880083347
936,2000164000005
937,6411600811004
938,6408430002030
939,6410405044907
940,6409100060916
941,6437005061455
942,6409531659673
943,6416597011291
944,6411402202208
945,7622100936589
946,6430028230464
947,6418400067853
948,7310470244563
949,6408430000449
950,6437005058394
951,6410405069146
952,6413200330206
953,6410105901982
954,6437005041068
955,2000813800000
956,6417326011322
957,6408790003609
958,6408430004317
959,6437005040061
960,6412000031856
961,6412000033300
962,5900643035023
963,6412000031795
964,6412000031818
965,6408430001996
966,6418333002709
967,6412000033324
968,6408430000524
969,6430023533720
970,64027821
971,6417901007689
972,6410405142269
973,6430041690719
974,6410405079978
975,6420256014103
976,6412000030606
977,2000166800009
978,6412000032228
979,2000191400007
980,64027920
981,64025575
982,6410405082213
983,6410405155856
984,6410405045751
985,6409100073633
986,6416177003340
987,490000005042
988,3083680666152
989,6407840042407
990,6410405057617
991,2000625700000
992,75032814
993,2000388400001
994,4771249814944
995,6417095300627
996,6430057690031
997,6409100037109
998,7310240651287
999,6410405179333
1000,6430048638219
1001,6412500075602
1002,6410405142252
1003,64027753
1004,6410402024445
1005,6407204008926
1006,64027982
1007,6410105296101
1008,6405506092254
1009,2000616700002
1010,7311070347302
1011,8000920571408
1012,2000572700009
1013,5043
1014,7310470264080
1015,6408430061570
1016,6413200034074
1017,6408430021673
1018,6410405152022
1019,5054563008305
1020,5900951028502
1021,6420256013854
1022,4006508200450
1023,6412000033140
1024,6410405140982
1025,6410405140548
1026,6430030774185
1027,7622300595487
1028,6415600538824
1029,6414300058236
1030,6410400032855
1031,6412000030224
1032,6413466015305
1033,6410402023059
1034,6420256001752
1035,6420615451075
1036,6410405138514
1037,6409100061999
1038,6410405120526
1039,6410500488309
1040,6438207011705
1041,6410405110886
1042,7300009004492
1043,6417901011136
1044,6410402008636
1045,6410405143570
1046,6413600015550
1047,8722700234524
1048,8712500012415
1049,6408430000135
1050,6407731123840
1051,8003410311140
1052,6413600013082
1053,6408641970784
1054,6438242678307
1055,6438242678277
1056,6408430014484
1057,6410402004669
1058,6412500075206
1059,5010933012723
1060,6436000091009
1061,7310700673262
1062,6410405190635
1063,8710568056532
1064,2000283400007
1065,6409590000690
1066,5701259100187
1067,6419756150619
1068,6430032800516
1069,6437005058516
1070,6410405143730
1071,6430032800455
1072,6410405041548
1073,6430032800486
1074,6408430047680
1075,6410405098283
1076,6410405090508
1077,6430032800608
1078,6410400033524
1079,6409620064562
1080,6438242678130
1081,6408430002023
1082,6410405127426
1083,6410405078919
1084,4005900310286
1085,6408430020072
1086,6410405042491
1087,6408430025268
1088,6411402117700
1089,6409290001607
1090,6415600501583
1091,7311171007006
1092,6409100046286
1093,5054563008145
1094,7311310023515
1095,6430104966058
1096,6410405165404
1097,6415131412211
1098,6430051511998
1099,6417326001798
1100,6413300018998
1101,6410402025602
1102,6410402025565
1103,6417808451103
1104,6437005034329
1105,7310240200386
1106,6410380097608
1107,2000441000001
1108,6410405155559
1109,6410405157942
1110,6410400023303
1111,7038516858108
1112,6410405178930
1113,6410405043047
1114,6410405118578
1115,6405506191674
1116,6410405121110
1117,42005322
1118,4084500709652
1119,6410405113252
1120,8718951067950
1121,4008429033391
1122,6414883360085
1123,6409100077051
1124,6410402019595
1125,6410405054814
1126,6411401017018
1127,6420900004955
1128,6412000030040
1129,6410601348106
1130,6415350004235
1131,8000920500217
1132,6410402015832
1133,2000500800009
1134,6410405118653
1135,2000601300002
1136,8426723325022
1137,6009529399996
1138,6410402015818
1139,2000643200001
1140,6409100020354
1141,6416577004237
1142,6410405093943
1143,6411200104865
1144,6415131418534
1145,6410402014385
1146,6408430030323
1147,2378131700006
1148,6410405156280
1149,6412000017300
1150,80761761
1151,6430057690215
1152,6410405181459
1153,6410405093080
1154,6412000016310
1155,6420256012833
1156,6430025520063
1157,6410405165343
1158,6410405131164
1159,6415350011011
1160,6410400036549
1161,8410136214028
1162,6407860068531
1163,6411402197108
1164,6410405165329
1165,6410405099952
1166,6410405165305
1167,5998749109113
1168,7318161179545
1169,6410405150394
1170,4086420836050
1171,6410405099976
1172,6410402027699
1173,8718114477077
1174,6410405073631
1175,6410405050588
1176,6438224353659
1177,2000505800004
1178,7310500119106
1179,6410405096739
1180,6438224353048
1181,7311312000545
1182,6408653125660
1183,6438242782899
1184,6417700055034
1185,7310500170008
1186,6407870074041
1187,7310500121307
1188,6410405128195
1189,6406300014022
1190,6408430062171
1191,6408641027488
1192,6408430062102
1193,4023600202304
1194,6410402017270
1195,6405346000051
1196,6409100071035
1197,6410405172778
1198,2000668300007
1199,6410405113177
1200,5000204698176
1201,817939005231
1202,6413600016212
1203,5000204746044
1204,6416597814342
1205,6410405046840
1206,6410530034187
1207,6410405047038
1208,6411200100843
1209,6411509951016
1210,7310130006302
1211,6410405109392
1212,5000204818611
1213,5000204899467
1214,6411200109150
1215,6410405147486
1216,6434600011106
1217,6415130027980
1218,6405834004882
1219,6417700053627
1220,6408430310876
1221,5000204818642
1222,5000204817256
1223,6415000185918
1224,64002316
1225,6410405109408
1226,6430505002836
1227,6417326001064
1228,6432802512070
1229,6410405156082
1230,6408430339143
1231,6407810017534
1232,6407970009431
1233,6431005151024
1234,6407860063956
1235,6409620010576
1236,6416453014923
1237,6409460002779
1238,6430028234035
1239,6410405066916
1240,6410402027446
1241,6410405077974
1242,7027850800126
1243,6410405081902
1244,6417326001347
1245,6430039221482
1246,6412600813012
1247,7310009004156
1248,6410411828621
1249,6438242866124
1250,6410405140562
1251,6410405149091
1252,6412500075503
1253,8720400415731
1254,6430030776653
1255,2000216100004
1256,5900643035030
1257,6410405118806
1258,6408430000470
1259,6409620010330
1260,6408430043071
1261,6417894000025
1262,6407860068630
1263,6410405176073
1264,87108156
1265,4001724819004
1266,4770301230623
1267,6413600056133
1268,6413600058496
1269,2000681200001
1270,6408641206494
1271,2000347300007
1272,6410405179586
1273,6410402004621
1274,6410405049834
1275,8858984830326
1276,6406600109541
1277,6410405064950
1278,6433300320495
1279,6416036210698
1280,6430039221185
1281,7394376616488
1282,6416046652129
1283,5411188112501
1284,6414888432688
1285,6420256013847
1286,7322540374353
1287,7613035117693
1288,6412000030576
1289,6405346000914
1290,6417900844506
1291,6438091401859
1292,6420256013953
1293,7613035117679
1294,7613034862433
1295,6417900844803
1296,7613033385490
1297,6419800020271
1298,6412000034659
1299,6410405077233
1300,6413467246104
1301,4023600007237
1302,8712100695469
1303,6405506002116
1304,7311310120085
1305,6410400043868
1306,6438019090431
1307,6409100070021
1308,6408430030354
1309,6410405164674
1310,6412190010464
1311,6407970048034
1312,6410405046741
1313,6405655740006
1314,6410405174925
1315,5411188121374
1316,6413600017257
1317,6407720025087
1318,6410405084958
1319,6410405084934
1320,6415600020992
1321,6410405069085
1322,6410405084910
1323,6409620003486
1324,6408430036356
1325,6438242783391
1326,6409100024628
1327,6413300018004
1328,6413300000764
1329,4002971234206
1330,6410405180377
1331,6437005006050
1332,6410405111449
1333,6412000032587
1334,6409100073718
1335,6416453019348
1336,7622300386719
1337,6407720025490
1338,6411402106407
1339,6410405173645
1340,6424200048114
1341,6410402012237
1342,7311170031835
1343,6409290002604
1344,6411200108559
1345,5411188110743
1346,6411200108504
1347,5900643034989
1348,6410405076854
1349,6410402026340
1350,6410405108319
1351,6420256012901
1352,6417972110509
1353,6417783137801
1354,5765228530047
1355,7391482701206
1356,6417783137788
1357,6420613630519
1358,6408430028290
1359,6415130027997
1360,7310532131213
1361,4047443178268
1362,5900643036518
1363,6410381095382
1364,5706779055467
1365,2000658900002
1366,6410405067319
1367,2000510600002
1368,5411188121251
1369,8410136004711
1370,8410136004735
1371,6409100052089
1372,6410402010615
1373,5690527990004
1374,6410405038593
1375,6413300012811
1376,6416211000410
1377,7310500095387
1378,6405506026150
1379,6419744006409
1380,2388047000008
1381,6408652221684
1382,6437005079863
1383,6410405121080
1384,6409100071219
1385,6409100037802
1386,6431000075806
1387,8585002411600
1388,6419800052630
1389,6408653125752
1390,2000522000005
1391,6408430025275
1392,6405506120612
1393,6430104921880
1394,2000601800007
1395,6410405112873
1396,6409620002366
1397,2000910600008
1398,2000809500006
1399,8710568057041
1400,6412000084470
1401,6419800020899
1402,6410405157478
1403,6410405154934
1404,6410405155382
1405,6420256001783
1406,6413466035402
1407,24000001683
1408,2000885800007
1409,2000803500002
1410,6415600502054
1411,2000786100008
1412,6408430022168
1413,6417881123409
1414,6408430339181
1415,6430064400050
1416,6408430023790
1417,6412000016501
1418,6410405172792
1419,6409620010057
1420,6412500002127
1421,6410405143662
1422,6408430021024
1423,6410400035801
1424,6410400035788
1425,2000103900007
1426,6407860063017
1427,6416577002172
1428,6407870073907
1429,6414201001447
1430,6410405086754
1431,6410405077257
1432,6408430062140
1433,7310618429036
1434,2000960000001
1435,6409710002658
1436,2000456700002
1437,8712566371259
1438,2000838200007
1439,7622210039453
1440,4009900365307
1441,4009301043668
1442,2000959900008
1443,6413300000771
1444,6410405184580
1445,6431903311230
1446,6411401035517
1447,6408430337590
1448,6407870075406
1449,6430028234011
1450,6410381095542
1451,6407810017978
1452,6417482000031
1453,7311312000941
1454,7311310031015
1455,6410405171115
1456,6410400034330
1457,6409290002437
1458,6409630005289
1459,6409100045111
1460,6408430341184
1461,6416192012242
1462,6407870070104
1463,8003520028815
1464,6410381084584
1465,6416147003141
1466,6412612760434
1467,6408430024308
1468,6436501000234
1469,6412612760106
1470,6411300169160
1471,6410402008933
1472,4023103083813
1473,6414300089438
1474,6408430043132
1475,4008429035265
1476,8591119902634
1477,7613030963776
1478,6420256000380
1479,6420611770316
1480,7310500060569
1481,6410405044129
1482,6415600080484
1483,64027814
1484,7310532107072
1485,6410400034347
1486,6437005081613
1487,6407720022451
1488,2000100500002
1489,8717163048962
1490,6409710000456
1491,6416597113919
1492,2000830000001
1493,6410405183620
1494,2000590700005
1495,2000881700004
1496,6408430061686
1497,8712566121397
1498,6409620029905
1499,6410405154064
1500,6410405127112
1501,6409100076184
1502,6410381091377
1503,6410405145239
1504,6410402017379
1505,7310100564993
1506,6424200026518
1507,7070866017781
1508,6433300352991
1509,6412600801101
1510,6412600801125
1511,6410105901708
1512,2000685200007
1513,6408180733161
1514,2000248800002
1515,2000386300006
1516,38900014261
1517,4045113001625
1518,6433500002993
1519,6408430042883
1520,4084500180956
1521,6409620003462
1522,2000745700003
1523,6408430044030
1524,2000389200006
1525,2000389400000
1526,2000500500008
1527,7622100936015
1528,6410405115003
1529,6407870070296
1530,6420256001745
1531,6410405112743
1532,2000486500009
1533,6430039220775
1534,6410405113559
1535,6437005060618
1536,6416211005019
1537,6408430310708
1538,8712100877629
1539,6410405069177
1540,83078611156
1541,6410402025763
1542,5690527940108
1543,6412000073986
1544,6409100060985
1545,6412880000607
1546,6416453034792
1547,6416453034143
1548,6410405074737
1549,6420256013892
1550,6408430062195
1551,6413467296505
1552,7310500094526
1553,8712000900663
1554,6408430046096
1555,7311310034542
1556,2000124300008
1557,6410405082749
1558,6432700300595
1559,6409100057114
1560,8712100816017
1561,73107767
1562,6410405183644
1563,2000670200005
1564,6414202701001
1565,6416211000373
1566,6410405170644
1567,6430030290012
1568,5010029000160
1569,6433300070291
1570,6410405105660
1571,6410405183651
1572,6408653125691
1573,5021991200083
1574,4012824400207
1575,6408641114904
1576,6410402023783
1577,5021991200090
1578,6410405172648
1579,7314660003114
1580,6411401017322
1581,6420256012680
1582,4020856235728
1583,9414202214706
1584,3600541676503
1585,4015600592431
1586,6410405108333
1587,8722700234395
1588,6417700052910
1589,2000597400007
1590,6420256013939
1591,2000880600008
1592,6419800130093
1593,6410405142290
1594,6410405080264
1595,6410405137814
1596,6410405124968
1597,6410405046956
1598,2000191600001
1599,6408430025190
1600,2000204500007
1601,5900643034965
1602,6410405044174
1603,7310240661484
1604,6413605004979
1605,6413600007760
1606,7310520004284
1607,6410400045596
1608,6410405075239
1609,2000615100001
1610,6433500013838
1611,6409630011211
1612,6410405138392
1613,6410405073020
1614,8712100498923
1615,6410405124982
1616,6410402026616
1617,7310500109992
1618,7622100936251
1619,6408430015573
1620,2000460700005
1621,6430023535038
1622,8711571012133
1623,6410405094186
1624,2000512200002
1625,2386446800007
1626,6410405149961
1627,6410405149077
1628,6420256013380
1629,6410405049551
1630,6410402021697
1631,6410405120984
1632,6408642147833
1633,5701090060084
1634,6411000482002
1635,6413300000412
1636,64016627
1637,6416577001878
1638,64016634
1639,6410405139153
1640,6413300000269
1641,6410405156396
1642,6413300000320
1643,73153818
1644,6411402159403
1645,6405244805246
1646,4002468021319
1647,6410405184382
1648,6410405141149
1649,6410405122179
1650,6409620007804
1651,6438019090592
1652,6416147000416
1653,2000470400001
1654,3600541314634
1655,7622100936138
1656,40084107
1657,6408430021031
1658,6437005053368
1659,6410405124784
1660,6430015534032
1661,6438091401538
1662,6413600133612
1663,5709152016987
1664,6410105902422
1665,6416453061323
1666,6419800022268
1667,6408430040063
1668,6424908115033
1669,6410500062042
1670,6410405098092
1671,5900643036433
1672,6406300000414
1673,6430016974103
1674,6408430101283
1675,64027135
1676,8710908901263
1677,6410405055545
1678,6417901011099
1679,6414201101857
1680,6410405055606
1681,6410405097392
1682,6410405055569
1683,6410405170866
1684,6411200104858
1685,6415600507530
1686,6417901008235
1687,2000209600009
1688,6408430039326
1689,6409100046453
1690,2000409500000
1691,6410405098696
1692,6424200012818
1693,7310619174508
1694,6417901011488
1695,6408430001781
1696,6408430014828
1697,6410180045588
1698,6416036100609
1699,6410405118042
1700,7310390018503
1701,6416036101385
1702,7613124280246
1703,6410405124142
1704,7322540118056
1705,6408720008179
1706,6408430014798
1707,6410405178121
1708,6430104924409
1709,5701092112293
1710,7311170022871
1711,7310619090006
1712,6408642019420
1713,6415131414727
1714,6410405124166
1715,8710464121242
1716,6437005053863
1717,6407810014618
1718,7313160002627
1719,6409100052096
1720,7310532151433
1721,6430025522128
1722,6410405073068
1723,6410405164346
1724,7310532151471
1725,6417700061035
1726,2000776700003
1727,6416147003165
1728,6410405155887
1729,2000662900005
1730,7310090363187
1731,7310240651881
1732,6410405155993
1733,6410405153111
1734,6408430339433
1735,6408641077247
1736,6410405129918
1737,6413300018448
1738,8712566398324
1739,6410405136565
1740,5900951127748
1741,7613033067693
1742,6410105902187
1743,5900951249341
1744,6410105296095
1745,6410405076045
1746,2000988800003
1747,2000843100002
1748,6420614280287
1749,6408641187038
1750,6410405071545
1751,6411600006103
1752,7312631102095
1753,7310613203020
1754,7316970152452
1755,6408430030330
1756,6409100074227
1757,6410405107039
1758,2000506000007
1759,6415600502634
1760,6437005083136
1761,6410405067548
1762,6409590000676
1763,6411402578549
1764,6410402025589
1765,6415130036852
1766,6408430337545
1767,6408430035977
1768,6415131413713
1769,2000122300000
1770,6410405142597
1771,6410405156075
1772,6410405138521
1773,6410402010752
1774,6408430341146
1775,6410105902705
1776,5000186821098
1777,8718114801735
1778,6420256010976
1779,6410600003501
1780,6415600501842
1781,7622201056643
1782,6408430020539
1783,6410405174185
1784,6410405059802
1785,6411402164001
1786,6411200100256
1787,8712100695391
1788,6409620008887
1789,6410405174208
1790,6410405055781
1791,6410405137845
1792,6410405098160
1793,6417900007000
1794,6410405148278
1795,6410400036952
1796,6407840042537
1797,6437005070853
1798,5760466987806
1799,6417964574975
1800,6408430021581
1801,6410405045034
1802,6408430026029
1803,6408430340521
1804,6410405136602
1805,6408430011629
1806,6409710007936
1807,6410405068873
1808,6415130027935
1809,7310500077123
1810,6411402204707
1811,6407810016896
1812,2000650800003
1813,6410402007134
1814,2356556000000
1815,6410402018260
1816,6408430338467
1817,6407860060283
1818,5701090041168
1819,7613032729547
1820,6405304003629
1821,6417901003322
1822,6412600844542
1823,6415350000664
1824,8712159103892
1825,8712159098907
1826,6410405147929
1827,6410405129185
1828,6415600503068
1829,6408430028115
1830,2000488000002
1831,6408430011650
1832,6409720001016
1833,2000525200006
1834,6420400008521
1835,5201194000011
1836,6410405120076
1837,6420256013403
1838,6410405136619
1839,6415600502108
1840,5900643034880
1841,6430053640269
1842,6410105902385
1843,6430025520537
1844,2000887800005
1845,6412000030583
1846,6408430031221
1847,5690527925907
1848,2000392900009
1849,6410405095121
1850,6407860068142
1851,8712100753404
1852,6408641077308
1853,6407860065295
1854,6409053610008
1855,6413600007296
1856,6410402014408
1857,7310860007310
1858,6424200035916
1859,6417964784015
1860,6414300079880
1861,6407870074218
1862,6424200051213
1863,8712566247578
1864,6413300006117
1865,6413300015058
1866,6407810018760
1867,4002971466102
1868,6413300015041
1869,6410405060471
1870,6408430310845
1871,6416046131006
1872,9788253536651
1873,6413300000658
1874,6413466126704
1875,6413300015249
1876,6437005082993
1877,4002359002137
1878,6416046660001
1879,6410405116345
1880,5010338302900
1881,57420271
1882,6410405136961
1883,5704190114107
1884,2000901200002
1885,6414886480063
1886,6411401015861
1887,6420101443447
1888,2000681000007
1889,8714789294520
1890,6406300009608
1891,6410405150073
1892,6407880084900
1893,5706779054590
1894,6420256012925
1895,109
1896,4008400179728
1897,6413446001205
1898,6411600009104
1899,6412500011938
1900,6410381090653
1901,6410405078391
1902,6409770054253
1903,6437005074899
1904,6409100057084
1905,6405304003841
1906,6410405041807
1907,6417964576283
1908,5060079450132
1909,6410405093929
1910,6413600000822
1911,6410405093967
1912,6409710001767
1913,4023600008159
1914,6411200108498
1915,6437005075292
1916,6409100023706
1917,6410405164926
1918,6410405116352
1919,6410400030813
1920,2000593300004
1921,6416036216515
1922,6430016134217
1923,6433300100271
1924,6433300105276
1925,6433300070239
1926,6411300627509
1927,6411300623426
1928,6411600821003
1929,6411402164803
1930,6410400035825
1931,6410405176462
1932,64027173
1933,6405304003278
1934,6410402016389
1935,6410405173065
1936,6420140900024
1937,84196842
1938,5011053013591
1939,6420256013427
1940,6420081000241
1941,4008429065675
1942,7613034392701
1943,6420256014141
1944,3065890122468
1945,8722700771401
1946,6413600017219
1947,3065890123588
1948,7613034004451
1949,6412612668754
1950,6408641081565
1951,6410405105554
1952,6416777220451
1953,6410405126771
1954,6413600091004
1955,6410405157324
1956,72417160684
1957,6408430337279
1958,6408430036882
1959,5410041030006
1960,64025131
1961,6409100061463
1962,6438224353680
1963,6410405141910
1964,6414300089490
1965,6410405049377
1966,7350020720758
1967,6410405179562
1968,6407810010757
1969,6411401037115
1970,6407870073396
1971,6415600517867
1972,4015400700074
1973,7310360045010
1974,6410405147851
1975,2000960500006
1976,6410405155344
1977,4001724819806
1978,6438242907636
1979,6408430014415
1980,6410405169679
1981,6408430023264
1982,8722700114093
1983,7622210463289
1984,6433500022373
1985,8712566320493
1986,7070866016456
1987,7350028543564
1988,7350028543588
1989,6414889997223
1990,5410041001204
1991,5410041143508
1992,734027971127
1993,2000862700009
1994,8711400800016
1995,7312210099525
1996,6405855000535
1997,6409538431203
1998,6409100061456
1999,7040110663200
2000,5011476102957
2001,6410405093202
2002,6410405126542
2003,6415131401130
2004,6417095300672
2005,6410402013210
2006,5010338264611
2007,8712100738784
2008,6408430006021
2009,7310090776628
2010,2000588700000
2011,6410405142276
2012,6413600015963
2013,6410405080226
2014,6410405144324
2015,6409536650262
2016,6410105296255
2017,54138001
2018,64027913
2019,6410405149251
2020,6410405049407
2021,5010394984577
2022,6419800030034
2023,5000166074049
2024,6410405105981
2025,6410405147004
2026,6410405139184
2027,6420140900574
2028,6413466652104
2029,6411401036712
2030,6410405126832
2031,2000170000006
2032,6410405097828
2033,2000409100002
2034,6410405142368
2035,2000835200000
2036,6410405113306
2037,6410105901821
2038,6416120000204
2039,8076809513739
2040,6405304003247
2041,6407880084429
2042,6412000031788
2043,6412000031733
2044,6405304003643
2045,6413467315404
2046,6410405149930
2047,7310100602282
2048,3600522412397
2049,7310612211484
2050,7310100602442
2051,6410405165008
2052,6410402028634
2053,6410405048820
2054,6410402010691
2055,6406300009769
2056,711719814153
2057,812313014656
2058,6415600541169
2059,6420201168622
2060,6438242891621
2061,5038862235860
2062,5038862130325
2063,6411401035500
2064,8856405000396
2065,8712100848858
2066,6413300018165
2067,6415000150022
2068,6408430049073
2069,6408430049332
2070,6411401061066
2071,6413600015109
2072,64026817
2073,6419230027147
2074,6412600832334
2075,6412600828962
2076,6412600828429
2077,6412600812633
2078,6410405045799
2079,6410402029051
2080,6436501000623
2081,6410405183521
2082,6414504683593
2083,6409100041632
2084,6417901008242
2085,6414504257572
2086,5720000057754
2087,7332531037396
2088,6437005066641
2089,7332531048743
2090,6417901002110
2091,7310532106563
2092,7613035704114
2093,5410146412684
2094,6430013393563
2095,6410405116338
2096,6410405055354
2097,6407870074386
2098,4015400841043
2099,7322540360547
2100,6408430101184
2101,8410090010636
2102,6415135001541
2103,6410405154750
2104,6420256013311
2105,70177150075
2106,70177095116
2107,6410220003226
2108,9001616201066
2109,6408430340569
2110,6408430046690
2111,8717775818052
2112,7311070347272
2113,50819089
2114,6430025522081
2115,6410402014347
2116,6416345001642
2117,6410405055989
2118,6410405091161
2119,7392672104050
2120,6413446001014
2121,6412000082155
2122,6417901010764
2123,6413467302008
2124,7613031570126
2125,6413466121907
2126,848449000447
2127,6408641202304
2128,6410400035733
2129,6419800130116
2130,6410405073044
2131,5011522113647
2132,8718951001497
2133,6420515188323
2134,6410405183637
2135,6410405179654
2136,6410405115140
2137,6414300154327
2138,7622100935209
2139,6416453028227
2140,6410405127143
2141,6411090040786
2142,70177173302
2143,6438200590153
2144,6417348173169
2145,6415600538626
2146,7313902800658
2147,7310688002023
2148,6410405135346
2149,2000604400006
2150,6414201005209
2151,6405506100676
2152,6410402024469
2153,6418510000962
2154,6408430036431
2155,7622300555962
2156,6406510091219
2157,5900852929236
2158,6410405118615
2159,6410600003525
2160,6419800043249
2161,76106002
2162,6410405102355
2163,6416577601405
2164,6408430049271
2165,6410405169112
2166,6408430047666
2167,6408430047697
2168,6410520026611
2169,6417600031268
2170,6410402015658
2171,6408430030101
2172,6407800007583
2173,6408430037292
2174,7322550032960
2175,6409620064760
2176,4002359644702
2177,6409290001492
2178,6410405172433
2179,6410405049759
2180,6410405146182
2181,6410405060877
2182,6410402007110
2183,6410405122391
2184,6410405129956
2185,27000609057
2186,5010338019754
2187,6410405172891
2188,5765228897430
2189,6436501005994
2190,6405506123019
2191,6415600511070
2192,6407820023891
2193,8711295830044
2194,3256550202808
2195,2000600200006
2196,7310340111056
2197,6416140085014
2198,6409100037772
2199,4894304822736
2200,6405287000011
2201,6410405137296
2202,8714789733104
2203,6411463090011
2204,6412600802207
2205,6409290001522
2206,8714789733241
2207,8714789733159
2208,6409100039332
2209,8712566077373
2210,6410400049198
2211,6430059780549
2212,8015602000039
2213,6410220003103
2214,6430060940017
2215,6405020031616
2216,6408430340286
2217,6420256013526
2218,5700101311108
2219,6430028234042
2220,6408430043002
2221,6410400034200
2222,6410405134387
2223,7310100604590
2224,6405304003575
2225,2000357500008
2226,6430055270051
2227,6413300022902
2228,6410405066695
2229,5706779058222
2230,6408430062188
2231,6416419130513
2232,5038483204191
2233,5000204810721
2234,5701027004334
2235,6409941301520
2236,6409820071797
2237,6410405147691
2238,6414202702008
2239,6410405138385
2240,4000400155979
2241,6410405138323
2242,6438019010019
2243,6410405165381
2244,6409100071806
2245,6410105902347
2246,2000502800007
2247,6413200330404
2248,6411402180902
2249,6430051516665
2250,6411401019029
2251,4002359004957
2252,7613033602764
2253,7310100604262
2254,7350000550016
2255,8718951065802
2256,4009900360685
2257,6408430025237
2258,6410381091650
2259,6438200400155
2260,7310860560808
2261,6430043242015
2262,6407870074423
2263,5900643034996
2264,8000920780251
2265,5900643034934
2266,6410405156099
2267,6413300004250
2268,6413300018578
2269,6410405093240
2270,6410405148674
2271,6415131413751
2272,6406510091707
2273,6420256014493
2274,6407860060146
2275,6413467232909
2276,6410405149275
2277,2000606100003
2278,2000650900000
2279,6410405172075
2280,7622300245108
2281,6413466105013
2282,7039010539081
2283,8411514803841
2284,6411402131508
2285,4002359650383
2286,6415600506434
2287,6437005064753
2288,6408430032037
2289,6420610671188
2290,6405506013150
2291,6408430340491
2292,6406300000223
2293,6430055270402
2294,6430061140027
2295,6416211006078
2296,2378435800006
2297,6410405082497
2298,6410405098672
2299,2000529800004
2300,2000366500006
2301,6408430002986
2302,2000217400004
2303,6410405164247
2304,6410405146489
2305,6430104958381
2306,6430104960797
2307,6408430024933
2308,6414885180018
2309,7350020721298
2310,6413466062309
2311,6415130028048
2312,6410405184351
2313,6430033521663
2314,76840600021
2315,7392022615212
2316,7622100936282
2317,6416453036383
2318,5013965951664
2319,2000529900001
2320,2000402100009
2321,8712100876974
2322,6410405176363
2323,6407870073044
2324,6420256013625
2325,6437005071003
2326,8717644381915
2327,6408430310784
2328,6405366002226
2329,6412000031085
2330,6412000084340
2331,5707577200172
2332,5707577900317
2333,6431903728991
2334,6408430338771
2335,6417700050527
2336,6410402011841
2337,6411300161003
2338,5700551127861
2339,8410184010191
2340,59381
2341,7310521410213
2342,6433500013036
2343,6407870073983
2344,6434600011021
2345,6412000032211
2346,6410405107947
2347,6410405139535
2348,2000611000008
2349,2000680900001
2350,6413300000214
2351,6410405126252
2352,6420400000792
2353,6408430044276
2354,4008429041105
2355,6410402027637
2356,33844006938
2357,6408430014804
2358,8858947401204
2359,6407840042834
2360,8712100738821
2361,2000645500000
2362,6410402027651
2363,2358668700007
2364,6410405165367
2365,6409100027841
2366,6410405052421
2367,6406300000230
2368,3228881004611
2369,6410405085771
2370,7054976571821
2371,7638900417999
2372,6419800080381
2373,6408430339136
2374,2000623600005
2375,2391211800007
2376,6410405126986
2377,6410405123459
2378,3228020114225
2379,6410405124296
2380,6410405154194
2381,7622210365149
2382,6424200014614
2383,5760466747424
2384,6408430014743
2385,6410405126962
2386,6415600504348
2387,7310186055804
2388,8423223215617
2389,6430055270037
2390,6408430014941
2391,2350180100006
2392,6410405118431
2393,6416046302000
2394,5701073066102
2395,6436501000210
2396,6417326001842
2397,6416036106960
2398,6433300105351
2399,6417695552914
2400,6408643018040
2401,6410405111739
2402,6409100071004
2403,6413300001518
2404,6413300000191
2405,2000615800000
2406,6438224353666
2407,6411810000960
2408,40081045
2409,9789511292487
2410,7070866012267
2411,4005900290878
2412,7310797571304
2413,7350028543793
2414,7310613610255
2415,6410405123206
2416,6407860060184
2417,2000614900008
2418,6416453072848
2419,6419800020837
2420,6427900000031
2421,5690527974004
2422,6417177015524
2423,6414000001785
2424,6413300019049
2425,7622100936312
2426,6420256000052
2427,5026555258043
2428,6430033521090
2429,4032549002425
2430,6408430028283
2431,6408430340132
2432,8003520012906
2433,6408430025169
2434,8003520013040
2435,5410146413605
2436,6409620052118
2437,7311310120207
2438,8715800002278
2439,73107712
2440,6415130027973
2441,5010029222005
2442,5410673052001
2443,6420256013908
2444,6419744005143
2445,9003
2446,2000281300002
2447,2000685100000
2448,6408430002993
2449,6438207011767
2450,4017100770005
2451,6410405154118
2452,6408430046911
2453,6410405055194
2454,6412000031771
2455,2000294800001
2456,6408430014781
2457,6410405082190
2458,6405304003407
2459,6410405138415
2460,6412000030149
2461,6410402010332
2462,7321011680696
2463,6410405070883
2464,6438224120510
2465,6413467308703
2466,6410405070906
2467,6438224352669
2468,6424200035114
2469,6410405142610
2470,64027845
2471,6438224120558
2472,7311877016012
2473,6406300000810
2474,7310865074539
2475,8714789183824
2476,2000190900003
2477,6430104921378
2478,6410405173027
2479,6405506093558
2480,6410405179418
2481,6408430024995
2482,8714789843834
2483,5738001092490
2484,6408430023721
2485,7322550037743
2486,6420256010969
2487,6410405183132
2488,6408652221721
2489,6409620008849
2490,7037710030549
2491,6410405105851
2492,6412000044153
2493,6420256014509
2494,6408641066654
2495,6413605004900
2496,6410405055729
2497,6410405140807
2498,8001250009999
2499,6430023534239
2500,6410405123435
2501,6410405095466
2502,6416453073104
2503,6410400035443
2504,5400279018341
2505,7310500088938
2506,6416453035133
2507,6421000050002
2508,6414203450144
2509,6430030774161
2510,8076802085981
2511,6414504139526
2512,64002446
2513,40111216
2514,6420256013519
2515,7050370109103
2516,6410344039002
2517,6417700053122
2518,8076800105032
2519,6420101146447
2520,6407860060610
2521,6410405076243
2522,6409290001591
2523,6410405087591
2524,6420256014462
2525,7501049936747
2526,8718114751962
2527,7310050001692
2528,6415600510844
2529,6414000061109
2530,6420256001769
2531,6410405175137
2532,6410405153999
2533,7310240661682
2534,6409100074241
2535,6413600135142
2536,6434600011038
2537,6420900006515
2538,6410405098313
2539,6408430339549
2540,6411401036224
2541,6413300016871
2542,6414883410575
2543,6406510094579
2544,6407204003013
2545,7613033278624
2546,2000352400006
2547,5709310015203
2548,7318161180527
2549,5709310022737
2550,6408620004318
2551,6408620004820
2552,4023600010411
2553,6412000033065
2554,7613034916648
2555,6410405109774
2556,7310865089045
2557,6430048771091
2558,5054563002396
2559,6408652226283
2560,5709310015180
2561,6430048771107
2562,6430025522197
2563,7310860018248
2564,6416192012273
2565,6410402007905
2566,6410405108258
2567,6414887636490
2568,7322540731347
2569,2000601400009
2570,2000645700004
2571,8711873007394
2572,6433500020256
2573,8712785000282
2574,7310683000017
2575,6410400032107
2576,6410405055880
2577,6410405055927
2578,5011522093710
2579,7613035605879
2580,6413600058045
2581,5011522053325
2582,6420612184709
2583,6411463061158
2584,6430011812622
2585,5010338012397
2586,6901035601030
2587,6410405138316
2588,6415130041474
2589,6413467215308
2590,2000286900009
2591,6413600017523
2592,8714789732909
2593,4770301231255
2594,5410103927879
2595,6410405102515
2596,6430023535076
2597,6410405171450
2598,6431005105805
2599,6408430064595
2600,6410400023723
2601,4023600202281
2602,4005900349163
2603,6412500070003
2604,2000373600003
2605,6410405146120
2606,6410405060600
2607,6430013079351
2608,4015400564485
2609,7322540530544
2610,7332531053914
2611,6417900106505
2612,7613034864062
2613,6417895810463
2614,6410405169907
2615,6413300004274
2616,7613035725874
2617,6417900107403
2618,6417900845800
2619,6417900107809
2620,6417900844100
2621,7613035724303
2622,7613032822156
2623,6430056040035
2624,6430056040004
2625,5400279001770
2626,6406096120006
2627,6410405153708
2628,2358668400006
2629,6405506366126
2630,6438344014966
2631,6410402003501
2632,6410741567160
2633,6438242834680
2634,6413111181362
2635,6410405136053
2636,5706779056525
2637,6410405098337
2638,6410405049773
2639,6414301003020
2640,7312280015005
2641,6410405135704
2642,6413446004008
2643,6411200103172
2644,6410405105042
2645,6413466094102
2646,6410405046468
2647,6411736000020
2648,6416961000180
2649,7310100566898
2650,8850987128547
2651,6410405070746
2652,2391227100009
2653,6408430339556
2654,8710438033571
2655,8851876201778
2656,6410405080417
2657,6410405146663
2658,7310240171853
2659,6430051517228
2660,4001724004073
2661,6410405051059
2662,8722700085072
2663,5701073062067
2664,6408430000487
2665,6410405156068
2666,7322550038405
2667,6410405141330
2668,6433500013234
2669,6408400000141
2670,8712100815669
2671,7311310027063
2672,6438207013402
2673,6413300019032
2674,5701073062265
2675,6410405154422
2676,2000170900009
2677,5701090059521
2678,6410405131393
2679,6415600517300
2680,6412000032273
2681,6406510092667
2682,6408430037957
2683,8000920500200
2684,2000606200000
2685,6430053730526
2686,6428551004058
2687,6430015535039
2688,6428551002603
2689,5099831645639
2690,6438207012603
2691,7332531010849
2692,5765228838648
2693,2000550600000
2694,6430036731045
2695,6410405096135
2696,3011610056377
2697,5099831645677
2698,6433500082124
2699,6410601109714
2700,6410402000968
2701,7310520004529
2702,7322540654028
2703,6410405118202
2704,6413300015713
2705,8714789608563
2706,6410405164407
2707,6410405071088
2708,6410405107961
2709,6413600013044
2710,9789512406081
2711,9789523210530
2712,9789510398401
2713,2000570100009
2714,6413600017530
2715,6408430062478
2716,6420256012512
2717,7310865064462
2718,6420256002131
2719,6416211005606
2720,5012686003003
2721,6408430018703
2722,2000825600001
2723,6416453036734
2724,6410405155702
2725,59063629
2726,6417901010535
2727,6410405086792
2728,7350000550030
2729,6410405086839
2730,6408430036349
2731,8710908375866
2732,6410405081179
2733,6410405081193
2734,734027974128
2735,6412000030989
2736,6413300018561
2737,6405304002097
2738,6410405138231
2739,6410405153661
2740,6410400049013
2741,6408430023332
2742,6416597814717
2743,6410270050232
2744,6410405097224
2745,6410402013425
2746,6410405181091
2747,6408430044306
2748,6417901007009
2749,6431903313319
2750,3228020232028
2751,6410405093424
2752,6408430064458
2753,6408430338993
2754,6410405088383
2755,6410405088406
2756,2000530600006
2757,6410405088420
2758,6410405144454
2759,6406300015210
2760,6410400039748
2761,6410405149374
2762,6407860068562
2763,6412000030507
2764,6410405093295
2765,2000605200001
2766,6410405120441
2767,6410405104885
2768,6410405175991
2769,6410400037140
2770,4015400699873
2771,6410105901197
2772,6410405119681
2773,7622100936220
2774,6414000001754
2775,3600522412595
2776,6430035370498
2777,6430104921361
2778,6416046679126
2779,2000101400004
2780,6437005075001
2781,4002971301601
2782,6408430028276
2783,6408430001859
2784,7310240071757
2785,2000139700008
2786,6411401036309
2787,2000246000008
2788,6415600522731
2789,8852018101017
2790,6410405146205
2791,4770350021395
2792,8852018101079
2793,6407850059082
2794,6416453037045
2795,7310532106068
2796,7322540797428
2797,6412000075249
2798,8852018101031
2799,6413200034067
2800,7322540817942
2801,6407880084719
2802,6410381086083
2803,6410405091284
2804,6413605015555
2805,7310500114408
2806,6408430046188
2807,6405304003506
2808,5060122034401
2809,654954206096
2810,6410405164322
2811,6409100051570
2812,6416710300349
2813,7311070330595
2814,6407204002511
2815,6414882465958
2816,7330606009972
2817,6413300018462
2818,6408430065035
2819,6410405055767
2820,6411300164653
2821,6419514954008
2822,8585002411587
2823,7311310026806
2824,6410405136473
2825,6410405066121
2826,6430048638073
2827,6413605000841
2828,6410405113535
2829,6437005056871
2830,6413300020519
2831,6410405116253
2832,6408430023981
2833,6407850057255
2834,6408430064359
2835,6410405152282
2836,6408430061792
2837,6415131402359
2838,6415131402342
2839,6408652225071
2840,6415131402311
2841,7622210391643
2842,7318690019114
2843,6438242871685
2844,6410405134646
2845,6416597814083
2846,6420256011881
2847,6438242826197
2848,6410402012497
2849,6410405127488
2850,7046260050365
2851,6437005075421
2852,6407880080667
2853,6417901008259
2854,6410405129741
2855,6412000034505
2856,6409100070328
2857,6410405184443
2858,6410405108395
2859,6409710005574
2860,7613035578005
2861,8712561423717
2862,7310532131183
2863,6410405102959
2864,7310532131534
2865,6410405153241
2866,6410405180346
2867,6412000032662
2868,2000413400006
2869,5054563008251
2870,7310790088229
2871,73151913
2872,6408641088229
2873,2000406700007
2874,5410188031836
2875,6410405075796
2876,7330242300204
2877,6410405052100
2878,6430027070115
2879,2000401600005
2880,6411635060323
2881,6438242132984
2882,6409620002380
2883,6408641208443
2884,6408430021048
2885,6410405165084
2886,8001940000213
2887,6410402016631
2888,6420260850001
2889,6414301003099
2890,6414300058366
2891,6410400035993
2892,6430055270044
2893,7310186055637
2894,6405506098553
2895,6410381083167
2896,6419800071006
2897,2372007000009
2898,6419802022136
2899,7311310120252
2900,6406170036445
2901,6410607132174
2902,6409620007217
2903,7311440601072
2904,6408430002801
2905,6412000031283
2906,6413200557931
2907,6408430336463
2908,6413600016007
2909,6410405133182
2910,5705001400310
2911,6437005041020
2912,6409620008191
2913,6430047630092
2914,6410405070845
2915,6413467314506
2916,6410405070869
2917,6413300019018
2918,6408430014897
2919,5410146413407
2920,7310390010170
2921,615908422559
2922,6408430310395
2923,2000102300006
2924,2000425600005
2925,6415600515689
2926,5711953015809
2927,6419320000029
2928,6405506092155
2929,6437005064852
2930,2000562200007
2931,64027838
2932,2000571700000
2933,2000561400002
2934,6410405107831
2935,6410405096418
2936,6416961002405
2937,6409710003105
2938,6408430023080
2939,6410405118141
2940,6418630012289
2941,6418630012296
2942,6406510091196
2943,6416192080135
2944,7340138800169
2945,6408430021819
2946,7330606019988
2947,6415130028024
2948,6414883992040
2949,6414881647072
2950,6411200104933
2951,7613034633262
2952,7613033580147
2953,6410402015078
2954,6433500013913
2955,6408430037582
2956,6410405124630
2957,2000780700006
2958,6412000031979
2959,7613035709737
2960,6410405147509
2961,6410405169617
2962,6417900848207
2963,6410105901944
2964,6410405142948
2965,6410402027675
2966,2000515900008
2967,6407870077301
2968,6413600090373
2969,8594403450828
2970,6408430037001
2971,6410405124494
2972,7311310031367
2973,7311310023522
2974,7311312002112
2975,6408430006151
2976,8711700933674
2977,3600522496274
2978,6410405068699
2979,2000167900005
2980,6410405052407
2981,7310500000343
2982,6410405119605
2983,6410405119629
2984,6415130027942
2985,6416453037700
2986,6411401019067
2987,6413600015437
2988,59063636
2989,7622100936404
2990,6410402013685
2991,5760466630245
2992,6436501025824
2993,6416453016699
2994,7319470850002
2995,5700417006804
2996,6417777042258
2997,2000276500004
2998,6423800395017
2999,6414882301935
3000,6411402975102
3001,9789510423530
3002,6408430000364
3003,7613035211193
3004,5000394017641
3005,6410381091834
3006,7613030473466
3007,6438260011223
3008,6408430340392
3009,2000335600003
3010,7613033580161
3011,7613030473404
3012,2000169600002
3013,6411401036200
3014,6413600000938
3015,7310618427018
3016,7322540360509
3017,6410405168399
3018,6417901009676
3019,6437005079924
3020,6410530032923
3021,6430025521350
3022,7312110002656
3023,6438242172065
3024,8414243230025
3025,6413600133995
3026,6410220009471
3027,7622300421700
3028,6407810017947
3029,6412000035632
3030,8722700246015
3031,6408652225057
3032,6415600501811
3033,7310860007396
3034,7322550038566
3035,6415600508667
3036,6430104960780
3037,3600531312671
3038,50097159
3039,6438242832792
3040,8718951067929
3041,6412600812916
3042,7310860560891
3043,2000614500000
3044,6416812030120
3045,7290005809194
3046,4008429074028
3047,8410136004759
3048,4001724819509
3049,5060088500194
3050,6410405091543
3051,6413466035105
3052,6430051515521
3053,6410405110176
3054,6410405178992
3055,6408430002641
3056,6416453037083
3057,6409100056582
3058,6400651091695
3059,6416453072329
3060,4005900283252
3061,8000920400470
3062,6430043027391
3063,6410412640338
3064,5998749104392
3065,5000174463491
3066,4008429012617
3067,6406970003203
3068,7321011732838
3069,6408430338559
3070,2000191200003
3071,6410405061409
3072,6413605016231
3073,5054563008329
3074,6409531700115
3075,6415130031512
3076,6410405055965
3077,6419800120018
3078,6410405146625
3079,6410405097651
3080,6410405135605
3081,6412000032419
3082,8717163096123
3083,6410405155368
3084,6420256014479
3085,6410405145697
3086,6410405054425
3087,6419800120476
3088,6414300019053
3089,6414300073598
3090,6410405154460
3091,4005808837311
3092,6417700051777
3093,6416627003586
3094,6433500002634
3095,6408430036417
3096,6410405054210
3097,6410400029688
3098,6415600502153
3099,6409100062286
3100,6415600522410
3101,6410405102867
3102,6413600014812
3103,6410105296262
3104,7613032729578
3105,6430025522999
3106,6412000031320
3107,6410405088925
3108,7330606009941
3109,6411638200177
3110,6409100032401
3111,6409100054243
3112,6412000030965
3113,6413600007173
3114,6416982016320
3115,6412600812855
3116,6410412554642
3117,8421410057
3118,6415600537346
3119,6416297050613
3120,6408430001538
3121,2386495800003
3122,6438207011637
3123,6430012280802
3124,6430053640320
3125,6408641187113
3126,5290074002474
3127,6412500004145
3128,6419744004962
3129,6410405126238
3130,7613035279346
3131,6430043247287
3132,6410405177759
3133,2000894500004
3134,6410402017317
3135,2000840500003
3136,6419744005235
3137,8722700210641
3138,7394376615689
3139,6411401035128
3140,7310500143712
3141,7310500053790
3142,4015400564324
3143,6405412190006
3144,6408430033805
3145,6415135003019
3146,3600540243584
3147,6408430023974
3148,6410405135711
3149,6410405154095
3150,6432802173110
3151,6420256012079
3152,6413300019056
3153,6430053730939
3154,6410402020263
3155,6409100070052
3156,6410405141378
3157,6412000082148
3158,6420256010815
3159,7311570641047
3160,7039317006491
3161,6408430024865
3162,8001511002554
3163,6417900848108
3164,6411300000487
3165,7311310039066
3166,9789510406434
3167,6411630133152
3168,5412514330002
3169,7702018024599
3170,6410405123510
3171,6408430064885
3172,6407810016780
3173,5449000000965
3174,6410105902101
3175,6411200109310
3176,6410105903658
3177,6407870073259
3178,6409100024284
3179,7311310035464
3180,6430051510717
3181,4002971234602
3182,6430016135191
3183,7613032959500
3184,8722700245391
3185,6412000034567
3186,64027852
3187,8717163055977
3188,5998749106877
3189,5700551128691
3190,6419230157523
3191,5700551127519
3192,6423800037771
3193,6430030783897
3194,6413600054658
3195,6410402021710
3196,6410400034248
3197,6407880080278
3198,8718114829661
3199,6410405155115
3200,6410405097347
3201,6410405123473
3202,6410405123770
3203,6416211000229
3204,6438207011620
3205,6410405078872
3206,6410405044808
3207,6415131411122
3208,6413300016468
3209,6410405076434
3210,50173167
3211,6406300009707
3212,6408430014477
3213,5900643036457
3214,6405304003513
3215,7393713006173
3216,50093878
3217,50097241
3218,8714462088200
3219,7638900349221
3220,6410405108494
3221,7350042710812
3222,7350042710119
3223,6408430046652
3224,6410405038906
3225,4002359004995
3226,6413300018585
3227,4002359663291
3228,6410405049797
3229,6416753000015
3230,6419800051190
3231,7310500110028
3232,6415600502658
3233,6410405066831
3234,2000529400006
3235,6410405070630
3236,6410405055248
3237,2000329500005
3238,6407860061747
3239,6411200108429
3240,6408430000500
3241,6410405125743
3242,8031301884404
3243,6409100077846
3244,3280250026112
3245,6408641423419
3246,6410405168368
3247,6410405149664
3248,6413300000054
3249,7322540650426
3250,6410405117007
3251,6414880361450
3252,8712100399695
3253,6410405171559
3254,6410405136435
3255,57025407
3256,2386474200008
3257,8714789237404
3258,80218807
3259,2000383800004
3260,6410402024407
3261,2000517400001
3262,6438207013501
3263,6408430001323
3264,59044437
3265,5029053040004
3266,7310532105382
3267,6413300000795
3268,4001724819301
3269,5690527965507
3270,6410405124036
3271,50544165
3272,6413300019001
3273,6410405126641
3274,6424002006909
3275,6408430048441
3276,6410405148841
3277,6410405167521
3278,6410405135469
3279,6410405048011
3280,7310527002412
3281,7310470348230
3282,2000571500006
3283,6410405083678
3284,4023600003857
3285,2000142200007
3286,7311310038205
3287,6411020002358
3288,7613034532657
3289,7310612211507
3290,5706779052497
3291,6416453038172
3292,6410405138491
3293,6415350000374
3294,6413300000122
3295,6415600513050
3296,6411200102762
3297,64002323
3298,11210000018
3299,8710568056655
3300,2387923200006
3301,64025124
3302,6409100050610
3303,6420256013328
3304,6420256013830
3305,6420256013595
3306,6420256001547
3307,6420256013991
3308,6410405048844
3309,7350020721762
3310,6413300017618
3311,6408430002016
3312,8717163079713
3313,6413600015970
3314,6412000032280
3315,6410405133878
3316,6410105899807
3317,6411000004303
3318,6417901010382
3319,6409531700139
3320,6419800022039
3321,7318161149319
3322,2000509600006
3323,6412600801132
3324,5411188122586
3325,4015400743545
3326,8436048402841
3327,2000607000005
3328,6433300240236
3329,9001616101779
3330,6410405111944
3331,6410405125347
3332,6413200340205
3333,6408430002368
3334,6413300000306
3335,24000001706
3336,6408430336548
3337,6415350000169
3338,7310790088212
3339,6411402672803
3340,6420256012857
3341,6408430339525
3342,6410405119155
3343,6413466094201
3344,6410405102744
3345,8717163020227
3346,2000381800006
3347,6416211005118
3348,6437002001911
3349,6416177003289
3350,2000404700009
3351,6415000160168
3352,6410405144638
3353,6410405164650
3354,7311440601041
3355,6415131403950
3356,6413200953726
3357,6420900009608
3358,6416211005026
3359,6412500072267
3360,6430048638035
3361,4740053005626
3362,7613033442681
3363,5601068050577
3364,5013965948428
3365,6409100076122
3366,6410405144157
3367,2000424300005
3368,5000174463439
3369,6415130028918
3370,6410405100016
3371,6409100043513
3372,7071848006755
3373,6410405050458
3374,8722700234371
3375,8000920780077
3376,6419744005129
3377,6418654001405
3378,6416211000243
3379,6412000033010
3380,6400651091718
3381,6413300018080
3382,6416211000021
3383,5900020023582
3384,4003994123546
3385,6405096008079
3386,6413467309205
3387,2000522600007
3388,6410405153562
3389,6415600508681
3390,6408430023714
3391,6409531700030
3392,6411230032909
3393,6407810010160
3394,6415130019961
3395,7310521151611
3396,4006508190751
3397,6417777043521
3398,2000225500000
3399,6415600502566
3400,6417777043507
3401,6412000030033
3402,6411401017025
3403,6420400000341
3404,4008429037894
3405,3184670027165
3406,7311877009052
3407,6411200106142
3408,6416453061361
3409,6413600014621
3410,6438242871784
3411,6405304003803
3412,6408790009908
3413,6408430062126
3414,2000202800000
3415,6430047630238
3416,6410405136893
3417,7311310120139
3418,6411401071768
3419,6416453072862
3420,6411401071560
3421,6430043700089
3422,6410405164599
3423,5010338014964
3424,6408430011643
3425,6413600094258
3426,6408430002979
3427,8004690053409
3428,6416453036611
3429,6408430025138
3430,8000920840931
3431,6407970010338
3432,8718114582207
3433,6433500010288
3434,6408430034383
3435,6411200103196
3436,7340138800152
3437,6430016904957
3438,686464467001
3439,7350064820018
3440,6409100045128
3441,2394986000009
3442,6409100035235
3443,6410405184269
3444,4210201746249
3445,7310500126814
3446,7310500109961
3447,6410405090829
3448,2000780200001
3449,6410405112040
3450,7311442111708
3451,8712100738944
3452,6420101145549
3453,6411200103424
3454,6410405169396
3455,6430010178064
3456,9120008991559
3457,6413600058618
3458,6413466087203
3459,6407860068340
3460,6410405146847
3461,4740098079651
3462,8410655001932
3463,6410405165220
3464,2350880000002
3465,5411188121213
3466,6410405164629
3467,6408430014958
3468,6410405149787
3469,7394376616037
3470,6408430024483
3471,6414202501007
3472,6416453025257
3473,7038513906505
3474,6408720008056
3475,6411200108108
3476,7311310023577
3477,4015400563907
3478,6410402001965
3479,2000613000006
3480,8429568123488
3481,6410405121066
3482,8712561844628
3483,2000164200009
3484,6431000071020
3485,6430104921392
3486,6410405043856
3487,2373712100008
3488,7310100686350
3489,6412000033041
3490,6420900003088
3491,6405834004905
3492,6409100051938
3493,7332531005012
3494,5902379811438
3495,2000297900005
3496,5999096404517
3497,7312787710502
3498,7311310025205
3499,6408430028184
3500,8712100810008
3501,6414201001102
3502,6410405062918
3503,6436501005116
3504,6410405119827
3505,7311310026684
3506,6410405157959
3507,6414201001355
3508,8853662004020
3509,6410405052308
3510,5400279009653
3511,6408001433003
3512,6412000081233
3513,6406300014039
3514,6409620000102
3515,6413300001945
3516,6415350000718
3517,6408430014750
3518,6408430339327
3519,8712100399893
3520,6420256010860
3521,2000681100004
3522,6416147000515
3523,6407870074881
3524,6409620010408
3525,6423800015120
3526,7702018015665
3527,6410405154170
3528,2000878900004
3529,6415350015590
3530,6433500018222
3531,6413300014419
3532,6408430062133
3533,7310618429043
3534,8710464116446
3535,6410405108098
3536,6410405080073
3537,6411200109617
3538,6410405051035
3539,6416453036116
3540,6420256013144
3541,6411402106209
3542,6407870071668
3543,6409531810036
3544,6430043243319
3545,6412600476507
3546,6412000031962
3547,6417700050251
3548,6414201002895
3549,7310500004525
3550,4009301043675
3551,6412500002141
3552,7340131602012
3553,6410405148650
3554,6407970009257
3555,6409100056452
3556,7613032729639
3557,6430047720069
3558,6413466098407
3559,6407850055169
3560,2391164600006
3561,6406300016057
3562,6416147003066
3563,6413600000860
3564,2000428100007
3565,5410233710808
3566,6416627003159
3567,95045000061
3568,6410402004423
3569,41143024379
3570,6410405157744
3571,6414888750058
3572,7312787710489
3573,8712924005390
3574,8001090040954
3575,6408430014774
3576,6410405108135
3577,2000645300006
3578,6410400045619
3579,6410405152428
3580,8718951062764
3581,6410405155153
3582,6410405145468
3583,6410405128867
3584,6410405168153
3585,6434600011144
3586,6410405146380
3587,6410405156013
3588,6410405114914
3589,4005900035899
3590,6410405141576
3591,6408430337989
3592,6437005069789
3593,6420400007906
3594,5000204783483
3595,2350467600007
3596,7332531060127
3597,4023600006797
3598,2000183300001
3599,8722700246992
3600,6411200106111
3601,6433500001828
3602,6409620004209
3603,6420256001523
3604,7322540732818
3605,5690527940405
3606,5053307016583
3607,6409100052072
3608,7340112729721
3609,673534507255
3610,7322550038313
3611,5410146415029
3612,6410405147998
3613,6410405115461
3614,6410405077950
3615,6410405088710
3616,4001724010753
3617,7322540777376
3618,6410405145420
3619,6408430046881
3620,4084500281097
3621,6413605004887
3622,8722700234340
3623,7310050001265
3624,64016979
3625,6405304003292
3626,6411401037870
3627,6408430338535
3628,6408430336012
3629,6410405090669
3630,5701073064658
3631,6430036736002
3632,5701073041154
3633,6430013251122
3634,6409290000716
3635,6410405146304
3636,6419642030025
3637,6410400046999
3638,6437005068447
3639,6430104923839
3640,6424908461352
3641,6407880084269
3642,6407970008731
3643,6405857305607
3644,6413605142152
3645,6410405139337
3646,6410405074751
3647,4210201849797
3648,6430048230253
3649,6410405123954
3650,2000839800008
3651,6432100000897
3652,6417700051944
3653,6407860060009
3654,6407860068593
3655,6410405049858
3656,6410405141392
3657,6430043241049
3658,6407973890005
3659,6410405143686
3660,6411300140329
3661,6410405074935
3662,6411600954527
3663,6408430340552
3664,6408430029853
3665,87157406
3666,6424908114678
3667,5449000006905
3668,6410405108357
3669,6410402002108
3670,5706779052626
3671,6409620380204
3672,6410405135049
3673,6408430024209
3674,6410405172013
3675,6413600090663
3676,7311310025267
3677,6408430049288
3678,7312170095247
3679,7312170095100
3680,7613031792573
3681,6408430049080
3682,6408430049325
3683,7613032474744
3684,6410405155191
3685,7613033332524
3686,7613034864680
3687,6417902001235
3688,7613032018665
3689,6408430049394
3690,6417900825307
3691,7310390018510
3692,6409100024611
3693,6416453118331
3694,6407880080582
3695,6407860061792
3696,2000442300001
3697,5411188121237
3698,6410405138255
3699,8712100847325
3700,7392555503673
3701,6408430338184
3702,6433300300732
3703,6419800071198
3704,4751001585596
3705,6410405083531
3706,6408430062034
3707,5017838810164
3708,6420256011362
3709,8710908941108
3710,6410402024698
3711,7310090786627
3712,6410405175748
3713,4002971234909
3714,6410405118455
3715,2000166000003
3716,6410405190550
3717,2000699900009
3718,6438242871623
3719,6407790031414
3720,2000551000007
3721,6410402019434
3722,6406300000179
3723,7070866016241
3724,6405304002073
3725,8850987142598
3726,8850987142604
3727,6409536650026
3728,6409052001005
3729,6405366001243
3730,6430011813346
3731,6436700002282
3732,6410405130488
3733,2391172100000
3734,6410400041178
3735,6420400008866
3736,6419800120483
3737,6410405147462
3738,6410402019571
3739,87108262
3740,6416453018273
3741,6410400037836
3742,6407860061419
3743,2000215100005
3744,7071848007202
3745,2000326700002
3746,6410405112514
3747,6430048441246
3748,6417901011501
3749,6430047632041
3750,87317527
3751,87311396
3752,6410405155252
3753,6410405112217
3754,5760466987783
3755,8718114868943
3756,6407720024127
3757,6410402020669
3758,8594009921609
3759,2000139600001
3760,6410405153647
3761,6409100077822
3762,6410402001705
3763,6410402022021
3764,6416075999998
3765,6414880260050
3766,6420140900062
3767,6414880301142
3768,6411401033919
3769,6438200400094
3770,6409100071288
3771,6407970010352
3772,6436501018956
3773,6419800043867
3774,6408430037728
3775,6408430024841
3776,6409100077600
3777,6418785470385
3778,6410405142030
3779,6408430042395
3780,7322550037545
3781,7322550037682
3782,6410405119186
3783,6417326001743
3784,8850987146602
3785,7310100566065
3786,5765228127957
3787,4894558108396
3788,6420256014332
3789,6420256014042
3790,2000560200009
3791,6410405135094
3792,6410105902828
3793,7310350120772
3794,6410405147585
3795,7312690024000
3796,6410405141316
3797,6415600002806
3798,7392555503628
3799,6415600541183
3800,5740200001012
3801,3387390339499
3802,7038319021716
3803,8850987146619
3804,4006166435690
3805,6430013397776
3806,6415600538954
3807,8710908164224
3808,4006166405464
3809,6438242829419
3810,4006166435669
3811,8001620013069
3812,6438091403600
3813,6410405134905
3814,4008429046414
3815,5900951263316
3816,5060166692698
3817,6410405054791
3818,6430104921217
3819,6416597870102
3820,6410405130389
3821,6410405116369
3822,6430024140910
3823,6413300019117
3824,6408430024940
3825,6410405115850
3826,7310510002504
3827,7610211080307
3828,6417700051272
3829,6420256014080
3830,6416046160006
3831,8850987141478
3832,6410405055903
3833,6430057690659
3834,6416453038974
3835,7622100936640
3836,6408430031542
3837,6410405145338
3838,6407820022290
3839,6413300017847
3840,6410405145277
3841,6410380097707
3842,6405506021117
3843,2000608200008
3844,6409531659413
3845,4005500077305
3846,6407870070586
3847,6409536650699
3848,6408430339167
3849,6410405134707
3850,6409630007115
3851,6416453028616
3852,6410381081088
3853,6408430039432
3854,6408430006144
3855,6417700054419
3856,6410405156518
3857,6438224120527
3858,7070866015176
3859,6408430040414
3860,4001724819608
3861,5053827116275
3862,6410405172877
3863,6418654202024
3864,8710908181962
3865,6430028234417
3866,6405781001620
3867,7330606069327
3868,6410405060853
3869,6409590000331
3870,6410405057594
3871,2000840700007
3872,6410405180032
3873,6408430042692
3874,8712561420495
3875,2000451300009
3876,6416046654123
3877,6409531659796
3878,6438242802399
3879,6414201000600
3880,7613136937824
3881,2386440800003
3882,7318161181562
3883,6420256012703
3884,6408430039517
3885,6438207011774
3886,3574661011288
3887,5202300014472
3888,6412600573589
3889,6413466121709
3890,6438242814835
3891,6438242854480
3892,6414202000609
3893,7311440601010
3894,2000168900004
3895,4055161298571
3896,6410405170309
3897,7311440601157
3898,2000512300009
3899,6411000004310
3900,6418744278632
3901,6408430038909
3902,2000279600008
3903,2000234000003
3904,6410405106193
3905,6409620054204
3906,2000939000001
3907,7622100936527
3908,6405506118152
3909,6411402102904
3910,6410405100221
3911,6412000032600
3912,8712561593533
3913,6414504310253
3914,9788253536415
3915,6410405099464
3916,5902379814828
3917,6437005083679
3918,6415600521833
3919,6410405106278
3920,8591119902641
3921,6417783134664
3922,8718158638021
3923,8711295007415
3924,6411200108405
3925,2000415900009
3926,6411200107163
3927,6408430042852
3928,6410405106179
3929,6410405143709
3930,6414201102298
3931,6410405174536
3932,6410405144133
3933,6410405098627
3934,6410402028320
3935,6408430000463
3936,4003060324433
3937,7311441210303
3938,2356915600001
3939,6420256014127
3940,6410405156778
3941,3600522783329
3942,6410405105219
3943,6415002200008
3944,6418248002382
3945,6410405136978
3946,6411200103271
3947,6414201001348
3948,6413300018264
3949,7613032290832
3950,6438242783452
3951,6412000030255
3952,7613035305786
3953,7310532106082
3954,7310050001531
3955,6408430049264
3956,6408430049349
3957,6430036731397
3958,7613034864093
3959,7613035097711
3960,6408430049301
3961,8722700575269
3962,6410405169921
3963,6408430049295
3964,6416453016941
3965,6413300000627
3966,6405506106210
3967,6408641069242
3968,6409710000555
3969,6420256013502
3970,3600521866559
3971,2000557500006
3972,5708147002592
3973,6411200102670
3974,6424908461611
3975,6408430690343
3976,6410405108111
3977,6430050003012
3978,6419230157837
3979,6438242874426
3980,6438242873313
3981,6412600827743
3982,5054563008268
3983,6417326001217
3984,6410405130907
3985,7310572100064
3986,6420900002821
3987,6412600574210
3988,6410405068989
3989,6410405071118
3990,6410405131607
3991,6405304002042
3992,6414881770060
3993,6410405077639
3994,7319470816114
3995,8710908196003
3996,9000295703700
3997,6408641970760
3998,6412190010860
3999,6405506104353
4000,8410179100036
4001,6410405130402
4002,6409100035549
4003,6410405179043
4004,6407204002443
4005,6410405169884
4006,6410405130099
4007,6430032663685
4008,6437005066672
4009,6420900006362
4010,6405366001083
4011,6420256011263
4012,6430023534307
4013,6410402017072
4014,6411401035470
4015,6430048638042
4016,8718114362007
4017,6410405116079
4018,6410405164698
4019,6408430338894
4020,6410402026302
4021,6408430004096
4022,6412000081240
4023,6424002004295
4024,7318161200287
4025,6408641193077
4026,6415600506366
4027,6423600032860
4028,6418400082184
4029,2386456900001
4030,8718114866475
4031,6434300220204
4032,6437005070839
4033,6417700050343
4034,9002490100773
4035,8722700020868
4036,6430104920463
4037,6431005064089
4038,6417900844209
4039,6410405099938
4040,7622210208101
4041,6412000016679
4042,7310390018596
4043,6410405113498
4044,6410405080929
4045,4000339697908
4046,2000326600005
4047,6410402018529
4048,6410402024674
4049,6409620002199
4050,6410405118028
4051,6410402011865
4052,6407820024584
4053,7322540732252
4054,6408430002665
4055,4001724010401
4056,6410405179296
4057,6408430004287
4058,6414201000518
4059,6415330006631
4060,8712100878220
4061,7312220000054
4062,6412600811520
4063,8714462088149
4064,6412600811513
4065,8714462088170
4066,6412600813180
4067,6410412365743
4068,5703147312429
4069,5011321471900
4070,8714462088163
4071,2000649400009
4072,73151906
4073,6416453019164
4074,8712100894480
4075,7613031526406
4076,7613032913250
4077,6417801801233
4078,6410601101916
4079,7613034532336
4080,6409100029005
4081,7613034532275
4082,6410405057341
4083,6415600031356
4084,5706779058239
4085,2386514600003
4086,6410405164421
4087,6430011810789
4088,6410405097248
4089,6409630001014
4090,6411200108931
4091,2000961300001
4092,5740200002415
4093,2000311900004
4094,2000301300005
4095,6410405081261
4096,5705518770203
4097,2000601200005
4098,8850987101083
4099,6409100039363
4100,6407860068364
4101,6430011813384
4102,7310390791000
4103,6430011810086
4104,6410405175663
4105,6417901008273
4106,5010338022402
4107,6410405173966
4108,8712100807480
4109,6424200011316
4110,5060154912357
4111,6410402016587
4112,8001620015223
4113,8712100333675
4114,96079812
4115,6436501017010
4116,6410405088666
4117,6414504109529
4118,6419800140078
4119,5411188115519
4120,6410405092618
4121,7310106055815
4122,6410405134172
4123,7316191604426
4124,2000762700000
4125,7311310025076
4126,6410405110299
4127,6409100025151
4128,5449000085757
4129,5411188513162
4130,6413600018216
4131,6408430062638
4132,6410400041277
4133,6413200330602
4134,3858890179705
4135,4023600011265
4136,6407860062287
4137,6415600538794
4138,7310500003443
4139,6410405072436
4140,6417700050787
4141,6407860061723
4142,6412600801187
4143,8718114370170
4144,4015400306191
4145,7322540802702
4146,8712100694707
4147,6430025521978
4148,6410405178183
4149,6419230124648
4150,7322550037767
4151,7038513908301
4152,6406601090305
4153,6410405183927
4154,6410400043479
4155,6409620003523
4156,8712561593335
4157,6410402027385
4158,2000439300007
4159,6419800051268
4160,6430034010098
4161,6412000031993
4162,5707577900157
4163,6410405172839
4164,3083680021739
4165,6407840042377
4166,6407810013659
4167,6413300018271
4168,6420256012871
4169,80042556
4170,6406510094562
4171,6411402126108
4172,8720400439416
4173,6438242678109
4174,6416046180004
4175,6410405135421
4176,6410405069986
4177,6418744250225
4178,6410405138378
4179,6410405094506
4180,5202177008703
4181,2000604500003
4182,6416492027113
4183,6410405118394
4184,2000624300003
4185,6407840041752
4186,6408430032273
4187,6416211000403
4188,6416453117341
4189,6408430039227
4190,7391814102114
4191,6406970004163
4192,7310130000898
4193,2000511200003
4194,6408653125608
4195,4084500539525
4196,6437005057953
4197,6408400000448
4198,6406300015104
4199,6438019005039
4200,5700551127847
4201,6430061140003
4202,6414886004788
4203,2000641600001
4204,5010394996419
4205,2000246100005
4206,6430030774154
4207,6414886481473
4208,6411463070006
4209,6420256013663
4210,6410405097675
4211,6408430023578
4212,6410220003608
4213,6410405149855
4214,2000179500002
4215,2000504800005
4216,5410673729262
4217,6413600017769
4218,6410402028030
4219,6410405172099
4220,6415600026994
4221,6418654003775
4222,7310350119035
4223,2000898600007
4224,8710908364242
4225,7613031015313
4226,8015602000022
4227,6410402018161
4228,6410405046864
4229,6410405135070
4230,6410405157980
4231,6410270059969
4232,6438207011453
4233,8850987123641
4234,6414300152460
4235,6418510000801
4236,6410405154972
4237,6408620004547
4238,6413601002696
4239,5900643035016
4240,6409100073602
4241,5010394986045
4242,6438207011613
4243,5410146410581
4244,6411402231802
4245,6408430032396
4246,6410381092053
4247,6408430000388
4248,6408430310852
4249,8855702001815
4250,6416147003189
4251,2000984300002
4252,6413600015123
4253,6407860064168
4254,7310618409052
4255,6409290001676
4256,2000727900001
4257,6416036101316
4258,6410405146281
4259,6438242678253
4260,6415600020909
4261,6410405146601
4262,3614221496442
4263,6412600854633
4264,5410041472509
4265,6410405143365
4266,6410400046814
4267,6410405172266
4268,2000520100004
4269,5712840020074
4270,5400279000391
4271,2000618400009
4272,5711018022322
4273,6411810001165
4274,6410400037164
4275,6410405105790
4276,2000231100003
4277,5700551220159
4278,5000161024711
4279,6430049625294
4280,6411401035890
4281,2000256300006
4282,6408641201444
4283,6410500045380
4284,6408430042340
4285,6407870070623
4286,6419800043256
4287,6415600536035
4288,6415600536066
4289,4008118770408
4290,6410105296217
4291,5700551153587
4292,6410405044709
4293,7310890203607
4294,6420617414832
4295,6408720008414
4296,5000161030071
